<?xml version="1.0" encoding="UTF-8"?>
<application xmlns:xsi="http://www.w3.org/2001/XMLSchema-instance" xmlns="http://java.sun.com/xml/ns/javaee" xsi:schemaLocation="http://java.sun.com/xml/ns/javaee http://java.sun.com/xml/ns/javaee/application_6.xsd" version="6">
  <display-name>employeemanagement</display-name>
  <module>
    <web>
      <web-uri>frontend.war</web-uri>
      <context-root>frontend</context-root>
    </web>
  </module>
  <module>
    <ejb>backend.jar</ejb>
  </module>
</application>